wins,loss
0,0.0027282697186661615,0.0028646832045994696
1,0.021955095167309244,0.023052849925674707
2,0.07950525940615936,0.08348052237646733
3,0.17061319361706181,0.1791438532979149
4,0.24026952081782518,0.25228299685871647
5,0.23202135005646582,0.24362241755928912
6,0.1555946731392005,0.16337440679616053
7,0.0715491859793652,0.07512664527833346
8,0.021591558239819973,0.02267113615181097
9,0.0038611750698208974,0.004054233823311942
10,0.0003107187883058886,0.000326254727721183
